{"panels":{"51":{"sheet":5,"matrix":[-0.4644367,0.192376,0,-0.1867506,0.192376,0.4644367,0,-0.3469065,0,0,1,0,0,0,0,1]},"70":{"sheet":1,"matrix":[-0.1375992,0.1375992,0,-0.0582916,0.1375992,0.1375992,0,-0.5732203,0,0,1,0,0,0,0,1]},"72":{"sheet":7,"matrix":[-0.0531489,0.2671977,0,-0.8434421,0.2671977,0.0531489,0,0.7027047,0,0,1,0,0,0,0,1]},"83":{"sheet":5,"matrix":[-0.2265193,0.1513553,0,0.1091608,0.1513553,0.2265193,0,0.0642462,0,0,1,0,0,0,0,1]},"90":{"sheet":0,"matrix":[-0.3112853,-0.0619185,0,-0.5523273,-0.0619185,0.3112853,0,0.3778583,0,0,1,0,0,0,0,1]},"18R":{"sheet":0,"matrix":[-0.4765874,0.0947991,0,-0.6893828,0.0947991,0.4765874,0,-0.5402954,0,0,1,0,0,0,0,1]},"18L":{"sheet":0,"matrix":[0.2699651,-0.4040313,0,-0.3580715,-0.4040313,-0.2699651,0,0.0882109,0,0,1,0,0,0,0,1]},"37L":{"sheet":0,"matrix":[0.5891498,0.1171892,0,0.1708258,0.1171892,-0.5891498,0,-0.4115385,0,0,1,0,0,0,0,1]},"19aR":{"sheet":0,"matrix":[0.1350215,-0.6787988,0,0.557183,-0.6787988,-0.1350215,0,-0.2939354,0,0,1,0,0,0,0,1]},"84L":{"sheet":0,"matrix":[-0.1490231,-0.3597737,0,0.0695979,-0.3597737,0.1490231,0,0.6603348,0,0,1,0,0,0,0,1]},"26L":{"sheet":0,"matrix":[-0.3518595,0,0,0.6374016,0,0.3518595,0,0.6507275,0,0,1,0,0,0,0,1]},"23L":{"sheet":0,"matrix":[-0.0730102,0.367047,0,-0.69279,0.367047,0.0730102,0,0.5757138,0,0,1,0,0,0,0,1]},"16R":{"sheet":0,"matrix":[0.3455609,0.143136,0,-0.1164556,0.143136,-0.3455609,0,-0.7431568,0,0,1,0,0,0,0,1]},"20L":{"sheet":0,"matrix":[0,0.5190595,0,0.7928746,0.5190595,0,0,-0.4746017,0,0,1,0,0,0,0,1]},"86L":{"sheet":0,"matrix":[-0.4349405,0,0,0.7828838,0,0.4349405,0,-0.0874889,0,0,1,0,0,0,0,1]},"61R":{"sheet":0,"matrix":[0.2572414,0.0511685,0,0.8721074,0.0511685,-0.2572414,0,0.3671189,0,0,1,0,0,0,0,1]},"59R":{"sheet":0,"matrix":[-0.1299777,0.1299777,0,-0.4711634,0.1299777,0.1299777,0,-0.9260933,0,0,1,0,0,0,0,1]},"88R":{"sheet":0,"matrix":[0.1325386,-0.0263636,0,-0.3895542,-0.0263636,-0.1325386,0,0.8593866,0,0,1,0,0,0,0,1]},"37R":{"sheet":1,"matrix":[0.4994571,-0.3337265,0,-0.473336,-0.3337265,-0.4994571,0,-0.4992563,0,0,1,0,0,0,0,1]},"08L":{"sheet":1,"matrix":[0.3029551,-0.3029551,0,0.3693297,-0.3029551,-0.3029551,0,-0.3857428,0,0,1,0,0,0,0,1]},"08R":{"sheet":1,"matrix":[-0.0835851,0.4202108,0,-0.4311188,0.4202108,0.0835851,0,0.2159971,0,0,1,0,0,0,0,1]},"21L":{"sheet":1,"matrix":[0.5242811,0,0,0.3655526,0,-0.5242811,0,0.4608618,0,0,1,0,0,0,0,1]},"21R":{"sheet":1,"matrix":[0.4359238,0.291275,0,-0.7632643,0.291275,-0.4359238,0,-0.1869991,0,0,1,0,0,0,0,1]},"23R":{"sheet":1,"matrix":[-0.1432146,-0.3457507,0,0.6811549,-0.3457507,0.1432146,0,0.5164589,0,0,1,0,0,0,0,1]},"30L":{"sheet":1,"matrix":[-0.170623,-0.4119204,0,0.7197413,-0.4119204,0.170623,0,-0.3909754,0,0,1,0,0,0,0,1]},"01L":{"sheet":1,"matrix":[0.1466774,0.3541105,0,-0.2331204,0.3541105,-0.1466774,0,-0.7884865,0,0,1,0,0,0,0,1]},"15R":{"sheet":1,"matrix":[-0.240673,-0.3601926,0,-0.619212,-0.3601926,0.240673,0,0.7470591,0,0,1,0,0,0,0,1]},"27L":{"sheet":1,"matrix":[0.1890681,-0.2829603,0,-0.1062118,-0.2829603,-0.1890681,0,0.9070658,0,0,1,0,0,0,0,1]},"25L":{"sheet":1,"matrix":[-0.0656263,-0.3299256,0,0.7689329,-0.3299256,0.0656263,0,-0.2740274,0,0,1,0,0,0,0,1]},"68R":{"sheet":1,"matrix":[-0.0633442,0.318453,0,0.6698312,0.318453,0.0633442,0,0.8595368,0,0,1,0,0,0,0,1]},"88L":{"sheet":1,"matrix":[-0.0750771,-0.1123608,0,0.1419532,-0.1123608,0.0750771,0,0.1723438,0,0,1,0,0,0,0,1]},"66L":{"sheet":1,"matrix":[0.1901769,-0.0378285,0,0.4586962,-0.0378285,-0.1901769,0,0.9156624,0,0,1,0,0,0,0,1]},"62L":{"sheet":1,"matrix":[-0.0511685,-0.2572414,0,0.6400729,-0.2572414,0.0511685,0,-0.9276384,0,0,1,0,0,0,0,1]},"26R":{"sheet":2,"matrix":[0.2726527,-0.2726527,0,-0.7008174,-0.2726527,-0.2726527,0,-0.4467882,0,0,1,0,0,0,0,1]},"84R":{"sheet":2,"matrix":[-0.2163781,-0.3238327,0,-0.6567191,-0.3238327,0.2163781,0,0.2181922,0,0,1,0,0,0,0,1]},"31R":{"sheet":2,"matrix":[-0.1516419,-0.366096,0,-0.0510177,-0.366096,0.1516419,0,0.1516632,0,0,1,0,0,0,0,1]},"31L":{"sheet":2,"matrix":[-0.1516419,0.366096,0,-0.1183033,0.366096,0.1516419,0,-0.3641504,0,0,1,0,0,0,0,1]},"42R":{"sheet":2,"matrix":[0,-0.5564649,0,0.1346002,-0.5564649,0,0,0.6807934,0,0,1,0,0,0,0,1]},"42L":{"sheet":2,"matrix":[-0.3934801,-0.3934801,0,0.5703512,-0.3934801,0.3934801,0,-0.3424098,0,0,1,0,0,0,0,1]},"14R":{"sheet":2,"matrix":[0,-0.4700108,0,0.4419407,-0.4700108,0,0,0.6194806,0,0,1,0,0,0,0,1]},"15L":{"sheet":2,"matrix":[-0.240673,0.3601926,0,0.1149093,0.3601926,0.240673,0,-0.8743427,0,0,1,0,0,0,0,1]},"17L":{"sheet":2,"matrix":[-0.0851311,0.4279829,0,0.6425311,0.4279829,0.0851311,0,0.0360904,0,0,1,0,0,0,0,1]},"10L":{"sheet":2,"matrix":[0.1608631,-0.2407487,0,-0.5772882,-0.2407487,-0.1608631,0,0.7435382,0,0,1,0,0,0,0,1]},"04L":{"sheet":2,"matrix":[0.1967199,-0.2944122,0,0.88723,-0.2944122,-0.1967199,0,-0.4227599,0,0,1,0,0,0,0,1]},"36R":{"sheet":2,"matrix":[-0.2050014,0.0849144,0,0.9396038,0.0849144,0.2050014,0,0.3747171,0,0,1,0,0,0,0,1]},"66R":{"sheet":2,"matrix":[-0.0378285,0.1901769,0,-0.9203369,0.1901769,0.0378285,0,0.6714428,0,0,1,0,0,0,0,1]},"44R":{"sheet":2,"matrix":[0,-0.1464432,0,-0.3170305,-0.1464432,0,0,0.8517059,0,0,1,0,0,0,0,1]},"14L":{"sheet":3,"matrix":[-0.4342334,-0.1798654,0,-0.8674209,-0.1798654,0.4342334,0,-0.4320443,0,0,1,0,0,0,0,1]},"19bR":{"sheet":3,"matrix":[-0.5666758,0.3786406,0,-0.1381483,0.3786406,0.5666758,0,-0.4897615,0,0,1,0,0,0,0,1]},"07R":{"sheet":3,"matrix":[0.2781261,0.2781261,0,0.6021382,0.2781261,-0.2781261,0,-0.650128,0,0,1,0,0,0,0,1]},"07L":{"sheet":3,"matrix":[0.385772,-0.0767348,0,0.2307156,-0.0767348,-0.385772,0,-0.2241285,0,0,1,0,0,0,0,1]},"65R":{"sheet":3,"matrix":[0.2588792,0.1729775,0,0.5606458,0.1729775,-0.2588792,0,0.1584504,0,0,1,0,0,0,0,1]},"52R":{"sheet":3,"matrix":[-0.3658064,0.151522,0,-0.5462314,0.151522,0.3658064,0,0.3113581,0,0,1,0,0,0,0,1]},"05R":{"sheet":3,"matrix":[0.4087784,0,0,0.054377,0,-0.4087784,0,0.4701822,0,0,1,0,0,0,0,1]},"52L":{"sheet":3,"matrix":[-0.0772452,-0.388338,0,-0.2988088,-0.388338,0.0772452,0,0.6387503,0,0,1,0,0,0,0,1]},"03L":{"sheet":3,"matrix":[0.0787975,-0.3961418,0,0.5772069,-0.3961418,-0.0787975,0,0.7895922,0,0,1,0,0,0,0,1]},"17R":{"sheet":3,"matrix":[-0.4031511,-0.1669906,0,-0.3604018,-0.1669906,0.4031511,0,-0.8421932,0,0,1,0,0,0,0,1]},"67R":{"sheet":3,"matrix":[-0.0952282,0.2299012,0,0.206335,0.2299012,0.0952282,0,0.099077,0,0,1,0,0,0,0,1]},"68L":{"sheet":3,"matrix":[-0.318453,-0.0633442,0,-0.8629578,-0.0633442,0.318453,0,0.6444081,0,0,1,0,0,0,0,1]},"11R":{"sheet":3,"matrix":[0.1841666,-0.0762843,0,-0.6696072,-0.0762843,-0.1841666,0,-0.0587294,0,0,1,0,0,0,0,1]},"33L":{"sheet":3,"matrix":[-0.1540805,0.1540805,0,0.2833946,0.1540805,0.1540805,0,-0.5609355,0,0,1,0,0,0,0,1]},"53L":{"sheet":3,"matrix":[0.1861642,-0.0771117,0,0.8940696,-0.0771117,-0.1861642,0,0.508811,0,0,1,0,0,0,0,1]},"05L":{"sheet":4,"matrix":[-0.377662,0.1564327,0,-0.8060673,0.1564327,0.377662,0,-0.5604937,0,0,1,0,0,0,0,1]},"65L":{"sheet":4,"matrix":[0.1729775,0.2588792,0,-0.5570735,0.2588792,-0.1729775,0,0.0590288,0,0,1,0,0,0,0,1]},"24L":{"sheet":4,"matrix":[0,0.4021514,0,-0.2056572,0.4021514,0,0,-0.585538,0,0,1,0,0,0,0,1]},"34R":{"sheet":4,"matrix":[-0.2720552,0.4071594,0,-0.5473171,0.4071594,0.2720552,0,0.3064925,0,0,1,0,0,0,0,1]},"30R":{"sheet":4,"matrix":[0.170623,0.4119204,0,0.1523828,0.4119204,-0.170623,0,0.250097,0,0,1,0,0,0,0,1]},"34L":{"sheet":4,"matrix":[0.2720552,-0.4071594,0,0.3776735,-0.4071594,-0.2720552,0,-0.5234149,0,0,1,0,0,0,0,1]},"43L":{"sheet":4,"matrix":[0.4059328,-0.4059328,0,0.3504922,-0.4059328,-0.4059328,0,0.4747848,0,0,1,0,0,0,0,1]},"32R":{"sheet":4,"matrix":[0.3418733,-0.2284325,0,0.5457304,-0.2284325,-0.3418733,0,0.1272405,0,0,1,0,0,0,0,1]},"16L":{"sheet":4,"matrix":[-0.143136,0.3455609,0,-0.7144944,0.3455609,0.143136,0,0.6995158,0,0,1,0,0,0,0,1]},"39R":{"sheet":4,"matrix":[-0.3409385,0.2278078,0,0.6702785,0.2278078,0.3409385,0,-0.695264,0,0,1,0,0,0,0,1]},"54L":{"sheet":4,"matrix":[-0.2074268,-0.5007727,0,-0.3569048,-0.5007727,0.2074268,0,0.772149,0,0,1,0,0,0,0,1]},"10R":{"sheet":4,