{
  "startedAt": 1.622194537436E12,
  "surfaces": [],
  "savedAt": 1.622194845489E12
}